,Unnamed: 0,Channel 1 Power,Channel 1 Power 1-4,Channel 1 Power 4-8,Channel 2 Power,Channel 2 Power 1-4,Channel 2 Power 4-8,Acceleration,Subject,Record
0,0,0.0054122958184265706,7.105015627522325e-05,7.707907860160986e-06,0.9422233315667832,1.560664629821466e-05,6.049075775622693e-07,3806.569106666667,S1,Day 2
1,1,0.1578093232427442,0.0007477250791026018,0.00010999473655715769,0.9386239139102648,3.996994893545168e-05,2.467716207978472e-06,7532.598279999999,S1,Day 2
2,2,0.009975517695985724,0.00016032928175352672,2.893537057299544e-05,0.9414037937761603,4.59627446729444e-07,7.473215669628798e-08,5655.55864,S1,Day 2
3,3,0.10460102270577123,0.0008076305173375809,0.00014854390559736194,0.9401554812770894,1.4702679030577781e-05,1.8643608450016213e-06,12316.391693333333,S1,Day 2
4,4,0.021067023673194882,0.0005345786042125825,9.378770896792412e-05,0.940714481653622,2.560186910835052e-06,2.893680802543642e-07,11169.03616,S1,Day 2
5,5,0.290199057772486,0.00074310480188175,0.00011456922406575286,0.9408630262970312,6.9478587698053674e-09,1.3705467275495042e-09,52.6052,S1,Day 2
6,6,0.668258734490141,0.0005015221240531821,5.8332275338836925e-05,0.9410699014314208,7.53103105584182e-09,1.4143060842122973e-09,100.02285333333332,S1,Day 2
7,7,0.4530984935088482,0.0005790048604280818,7.749037601702733e-05,0.9415566572367482,6.758215704594472e-09,1.1902920546015498e-09,929.9012333333334,S1,Day 2
8,8,0.3436726165820717,6.200406258739409e-05,8.022843315424922e-06,0.9420788959433092,6.964280825440516e-09,1.1618103910421545e-09,88.89549333333332,S1,Day 2
9,9,0.5146887979444993,0.00035530006087672805,3.979883765715058e-05,0.9425184946965536,7.2884549632311955e-09,1.241655436969869e-09,191.86069333333333,S1,Day 2
10,10,0.06271627480853352,0.00015409068798108544,2.355410701741463e-05,0.9424444201571168,6.130165242734411e-09,1.0190279640347837e-09,444.80816,S1,Day 2
11,11,0.006920104697949475,7.057949840370189e-08,2.94149051403264e-08,0.9421374054738928,8.859036512221174e-09,1.4497318373532034e-09,581.03134,S1,Day 2
12,12,0.2389775326935797,0.00026759635496964427,4.124285132132835e-05,0.9415980531022436,6.123486417567116e-09,9.00047267374235e-10,3810.6239533333332,S1,Day 2
13,13,0.0068518660798048536,1.2878912940251908e-07,2.0848169013863683e-08,0.9403772960213764,8.132054594625768e-09,1.4763512324347632e-09,57.18996666666666,S1,Day 2
14,14,0.012357366321470914,2.8239370247732923e-05,1.7067974655913695e-06,0.9403938303236808,6.5752184423244326e-09,1.2002173308070922e-09,492.73154000000005,S1,Day 2
15,15,0.06275928727972234,0.0001775047258186403,2.369704932062548e-05,0.9407179680684864,8.33970200722858e-07,1.3497983440015056e-07,176.85203333333337,S1,Day 2
16,16,0.01413889268497114,7.991136482319298e-05,1.1855316625259786e-05,0.9408589071063288,4.594615936083688e-09,5.391859803829267e-10,3669.47472,S1,Day 2
17,17,0.009792908103780541,1.9389482006918066e-05,2.949250166553569e-06,0.9409117555907894,4.4889234633416376e-09,6.056743371852349e-10,5320.982453333333,S1,Day 2
18,18,0.1992318426758434,0.00047422639897918135,7.581638351870098e-05,0.941783855728168,2.746269930568873e-07,4.5982071939980216e-08,9374.931066666666,S1,Day 2
19,19,0.007971597137753002,2.73864882910742e-07,1.995977627438036e-07,0.9421206012823412,7.036494321126145e-09,1.1606333254681325e-09,1654.1584533333332,S1,Day 2
20,20,0.00825231629845901,6.0553708784000504e-09,3.4990761239083738e-09,0.94285172821188,8.14300947900703e-09,1.5774238798266616e-09,209.38110666666665,S1,Day 2
21,21,0.009243342179237524,2.532774332066916e-05,4.283075927685802e-06,0.9430769883939041,6.205921819680558e-09,9.559254722107973e-10,877.2758666666666,S1,Day 2
22,22,0.00894386732100441,2.419290001984025e-07,3.9463236018807536e-08,0.9430787824409208,9.05125025517262e-09,1.6974781843314384e-09,108.25262,S1,Day 2
23,23,0.00916945638038749,6.267512163837291e-09,3.448201431107516e-09,0.9429522302159984,8.597309649267592e-09,1.6177554550145645e-09,210.80176666666668,S1,Day 2
24,24,0.015794029115609468,5.7935967453087856e-05,1.0854802892705232e-05,0.9428793167317546,5.211531924872411e-09,6.150444344808296e-10,3466.3787466666668,S1,Day 2
25,25,0.009535116590117612,5.171804507081575e-09,3.168532886819258e-09,0.9433300607627298,7.858898886895372e-09,1.4094769617658535e-09,203.5533333333333,S1,Day 2
26,26,0.009635526700926236,5.267125236979697e-09,2.879377230327294e-09,0.9437818829942604,7.993824271918574e-09,1.3413846145796026e-09,96.70776,S1,Day 2
27,27,0.009796722171219756,4.6167006752335315e-09,2.802394317104087e-09,0.943643433165962,7.537303971167936e-09,1.3349123395274995e-09,216.05732666666665,S1,Day 2
28,28,0.010504108495569923,1.1002061376668776e-05,8.929402455079886e-07,0.9435343308958156,6.18484566187214e-09,9.637097298585982e-10,394.4862,S1,Day 2
29,29,0.010750812010384615,1.880429636957313e-05,3.7138614523491377e-06,0.943721211044726,8.02055215807805e-09,1.4109212928521604e-09,444.3102133333333,S1,Day 2
30,30,0.06130373483241985,0.0002639083241032246,3.562594004537635e-05,0.943848813315606,7.577388236958964e-09,1.3731884226028236e-09,1097.68184,S1,Day 2
31,31,0.07928752539351602,9.266189442346121e-05,8.001601240844223e-06,0.9446861932890976,7.312469272587539e-09,1.2793177930081806e-09,153.51,S1,Day 2
32,32,0.28532171682857177,9.99465887109504e-05,1.1465789150976495e-05,0.9452136580138624,6.286109041305519e-09,9.49087292509573e-10,133.98928666666666,S1,Day 2
33,33,0.029326689083428413,0.00013278322073049856,1.6021477620796135e-05,0.9455329494608022,4.920901451838319e-09,4.297976907923845e-10,9062.749186666666,S1,Day 2
34,34,0.013613912377564295,4.128941294273648e-05,5.94083658651907e-06,0.945793099108314,7.427784547612364e-09,1.3293616577071436e-09,1492.8696733333334,S1,Day 2
35,35,0.010289258547517222,1.3289998921902301e-09,8.734816367471915e-10,0.9468962256358442,5.006289849343866e-06,4.010752126014571e-07,7469.184846666668,S1,Day 2
36,36,0.07576076315771307,3.4807187311336333e-06,5.398423175639029e-07,0.038688537924776965,1.2448640358216589e-05,1.342000310499011e-06,7739.805440000001,S1,Day 1
37,37,0.005392138129182884,6.197526069951784e-06,6.275218466021954e-07,0.007005144005518168,2.2560292916415838e-05,1.5981086284308788e-06,9937.124546666666,S1,Day 1
38,38,0.005323701899307479,2.4996123214972912e-06,3.1310638704903426e-07,0.006920468447469285,8.865082063175512e-06,7.702676707697959e-07,7067.858113333334,S1,Day 1
39,39,0.005325798315488465,4.629734399684842e-06,7.622830033114894e-07,0.006801964390807685,1.5793525769075767e-05,1.9013344199997974e-06,13084.71216,S1,Day 1
40,40,0.005477353666959806,5.132457579648265e-06,2.073561256901347e-07,0.007683600705839181,1.989681783441173e-05,6.173722306672781e-07,14256.9405,S1,Day 1
41,41,0.0053602093037516405,4.1629035421879735e-06,2.855550460401365e-07,0.006980370463251068,1.5697277731213548e-05,7.856215602659523e-07,12234.860120000001,S1,Day 1
42,42,0.005342610277929728,3.286965970476437e-06,2.7636047968537736e-07,0.006934885340981281,1.2636148163532828e-05,6.959690899281468e-07,7577.881433333332,S1,Day 1
43,43,0.0052352750557133464,5.579636600345366e-07,1.633245865169392e-07,0.006373527122623896,2.0395235531632456e-06,3.8284281172504224e-07,3752.085873333333,S1,Day 1
44,44,0.0052386581727838725,2.561129989843144e-07,2.7203286820594333e-08,0.006351542989989303,9.60755868876293e-07,6.934229469231504e-08,596.1859466666667,S1,Day 1
45,45,0.005233605672641532,3.0752118886313783e-08,2.7043367359368263e-10,0.006320348336227453,9.286361343290156e-08,1.1139302539495736e-09,79.3473,S1,Day 1
46,46,0.005244039768708213,9.387396474471227e-08,3.9757267111396405e-09,0.006368188340805144,3.491339872629157e-07,1.0494037353214858e-08,292.10702000000003,S1,Day 1
47,47,0.005236815547931689,2.999573381351553e-08,4.273813937820365e-09,0.006329167674212769,1.0322329404178194e-07,1.0061183065126908e-08,180.86776,S1,Day 1
48,48,0.005243566442030708,1.2982261761723455e-07,4.647194310562254e-09,0.006346952199655246,4.0634545491352637e-07,1.0893562297098253e-08,504.55568,S1,Day 1
49,49,0.005241060397093437,7.279816411570089e-08,2.590670176621356e-09,0.006364289041442225,2.922093114944969e-07,7.1142010102848846e-09,197.9593133333333,S1,Day 1
50,50,0.005240566091384332,3.7945177715370967e-08,7.955539492601141e-10,0.00633826786202749,1.3068775898697519e-07,1.8942973873815032e-09,96.70544666666666,S1,Day 1
51,51,0.005237455935223223,1.8067456141203117e-08,6.07330832820159e-10,0.00632703825120726,4.364621353276405e-08,1.5028679802595764e-09,81.39355333333333,S1,Day 1
52,52,0.005239375700337236,3.970453431801966e-09,1.5332876335893646e-10,0.00632067053690214,2.48587214092816e-08,6.013584556326449e-10,38.35132,S1,Day 1
53,53,0.005240574748643375,2.6095163500716413e-09,6.691917094491281e-11,0.006320177841131337,1.2144935454571406e-08,2.400441382612036e-10,58.41891333333334,S1,Day 1
54,54,0.0052423079704635965,1.0434735226133847e-07,8.909427577422723e-09,0.006341493593367002,4.1836321324078564e-07,2.1921999275713376e-08,485.72146,S1,Day 1
55,55,0.005249623386433343,4.502400509619051e-07,5.0893537838974236e-08,0.0063818132180408615,1.807417010965917e-06,1.3576700641892473e-07,2331.0214066666667,S1,Day 1
56,56,0.0052729470128491706,5.25009115202706e-07,3.167849853714049e-08,0.0064717888620254,1.736105837699999e-06,8.522133567378483e-08,1812.07878,S1,Day 1
57,57,0.005241743934485964,9.012802324843345e-09,1.3244670635894476e-10,0.0063195118576263466,3.105993736445776e-08,3.377669025502462e-10,73.44030666666667,S1,Day 1
58,58,0.005250346042256401,3.974235881081712e-08,1.6503470155044305e-09,0.006345579441180172,1.3135390181271883e-07,4.3371428226341425e-09,274.11390666666665,S1,Day 1
59,59,0.00524445151135806,1.3043439340422749e-08,1.341387417989842e-10,0.006319900929825436,4.216447603335454e-08,3.77969662999256e-10,42.26815333333333,S1,Day 1
60,60,0.005245747104601244,7.914606461020139e-08,5.55166272240123e-09,0.0063374184675342865,2.255058013384483e-07,1.0816466660825885e-08,161.27784,S1,Day 1
61,61,0.005242071547175624,6.006055558412052e-08,6.100036450584012e-09,0.006331867573223682,2.521385676011634e-07,1.2984603316134778e-08,209.3715,S1,Day 1
62,62,0.0052512938422250655,5.829827626823739e-08,3.438443180494283e-09,0.006347788634030921,1.7429223852236125e-07,8.3172790678244e-09,210.12467999999998,S1,Day 1
63,63,0.005245236964529632,4.253378087953271e-08,3.3460173078737428e-09,0.006333286684816288,1.0336283719623338e-07,7.985213319227236e-09,203.83852,S1,Day 1
64,64,0.005286342987195432,1.954376177846649e-06,6.245628462150472e-08,0.006633351570921381,9.123363555183236e-06,1.6473515310672247e-07,6750.452020000001,S1,Day 1
65,65,0.005350022036031528,3.0298059735189607e-06,1.2867125778473167e-07,0.00699133620489746,1.2880230343821173e-05,3.803293039548515e-07,9995.6779,S1,Day 1
66,66,0.005341277491037894,2.412696760828672e-06,1.0279091974150326e-07,0.0068517116843507895,9.250669891205161e-06,2.8030312886895083e-07,7705.318893333332,S1,Day 1
67,67,0.005267266830417012,1.0240479812353834e-06,9.159026027018982e-08,0.00641258102963015,4.060748499620355e-06,2.270453921283599e-07,3300.1390733333333,S1,Day 1
68,68,0.0052457087951940035,2.3401128563147817e-08,1.4356019725829486e-09,0.00631611255390501,7.085248011639388e-08,3.4808681743662424e-09,131.92389333333333,S1,Day 1
69,69,0.005245863023389953,4.228609958307843e-09,6.481109025165912e-11,0.006317786833525053,1.0822196548718216e-08,1.437570091939537e-10,161.65548666666666,S1,Day 1
70,70,0.005244470507486346,3.227969666132429e-09,4.254542340444526e-11,0.0063194245807240545,7.747329384588711e-09,1.0644072640503815e-10,81.69525333333333,S1,Day 1
71,71,0.00524339647448294,5.085763523330165e-09,8.255740722748601e-11,0.0063211425497606225,1.682574327069875e-08,2.146294093030864e-10,151.84853333333334,S1,Day 1
72,72,0.05262287432341011,6.531276821361766e-10,3.730015966185783e-10,0.01567449261954585,8.613710321148719e-10,5.478058079501495e-10,2547.0952666666667,S2,Day 2
73,73,0.05238136251015521,7.078631385024715e-10,3.5477150066092627e-10,0.01573106907276694,9.739002789692477e-10,6.458518577988275e-10,7500.137286666668,S2,Day 2
74,74,0.05269458353835674,7.490635932390353e-10,3.6873363098597966e-10,0.015726020879378442,1.0452156023966569e-09,4.9211537040551e-10,11025.941513333333,S2,Day 2
75,75,0.05143934312972945,1.3391463804588107e-09,8.93266878511906e-10,0.015168667969928325,1.5290588111951382e-09,1.2915831544899796e-09,1628.5976666666666,S2,Day 2
76,76,0.05124944872913702,1.4792080671878574e-09,1.0351601958760688e-09,0.015380144354223194,1.5987380657843872e-09,1.4122461627845226e-09,30.349759999999996,S2,Day 2
77,77,0.052480851372716734,1.4057606846356916e-09,9.917696606177183e-10,0.016057483394546924,1.5615606030195764e-09,1.4587793339567576e-09,1922.54002,S2,Day 2
78,78,0.05233564556194956,6.601895542331053e-09,2.3172908751904664e-09,0.01607268940937611,1.0008509980654767e-09,5.941286826984567e-10,8262.23742,S2,Day 2
79,79,0.05131992054513216,1.45779031051035e-09,1.014492917588631e-09,0.01584461405705604,1.5935865189405827e-09,1.3953744890246848e-09,45.90048,S2,Day 2
80,80,0.0530666825494325,1.4737297527532965e-09,9.377439854658776e-10,0.01580446532337854,1.5590419784793858e-09,1.318752686832735e-09,499.2341933333333,S2,Day 2
81,81,0.05320742358454579,1.6948178022674851e-09,1.0866835400496042e-09,0.016317756478642628,1.7599614018913816e-09,1.5617690473856562e-09,321.9628266666667,S2,Day 2
82,82,0.05304438344416475,1.6118345888488535e-09,1.0074732125105391e-09,0.017393917505804518,1.6438261393386005e-09,1.3472940471737026e-09,42.406933333333335,S2,Day 2
83,83,0.05279783826599943,1.455763201831268e-09,8.75002771567888e-10,0.01744422841608894,1.4390208568660285e-09,1.1313744374804425e-09,111.00096,S2,Day 2
84,84,0.05904517015784117,1.971741319383775e-09,1.1380199778676122e-09,0.0180321880487237,1.9935052266133143e-09,1.5456267945944725e-09,36.45147333333333,S2,Day 2
85,85,0.05870520037642015,1.4945632165649449e-09,1.0119354272113267e-09,0.017866470151282513,1.5002223976552616e-09,1.3733676413281402e-09,99.74343333333331,S2,Day 2
86,86,0.057047003583664775,1.4079252989849655e-09,9.696212669812942e-10,0.017536176839167444,1.4059909192361727e-09,1.2673023302521122e-09,37.61724666666667,S2,Day 2
87,87,0.05620873737573833,1.4838728563303756e-09,8.493139192666413e-10,0.01718828413429295,1.4413662883667873e-09,1.125923258659998e-09,509.99683333333326,S2,Day 2
88,88,0.055194053079886826,1.537195291383645e-09,9.90688860291237e-10,0.016911883581054776,1.5369723901192116e-09,1.330536633425381e-09,33.184866666666665,S2,Day 2
89,89,0.05541328416440714,7.118245663965393e-10,3.895026245386642e-10,0.01646925589939591,7.299310446898676e-10,4.6496760008574586e-10,3477.3134933333336,S2,Day 2
90,90,0.0552059441071303,9.071275786667963e-10,6.528365083292883e-10,0.0163710763792111,9.540229240573949e-10,9.098577469801607e-10,1754.0722466666666,S2,Day 2
91,91,0.05465614284409071,1.0674416005469623e-09,8.109603805552325e-10,0.01636473302127266,1.10647069283608e-09,1.0994406435267503e-09,151.83289333333337,S2,Day 2
92,92,0.054748198637783164,1.6375809409125933e-09,9.461285393705838e-10,0.016128895156183327,1.622480825299535e-09,1.2526072111760379e-09,42.658613333333335,S2,Day 2
93,93,0.05656390601004144,7.551438957241397e-10,4.29750239692852e-10,0.016622536718275696,8.252085730948086e-10,6.481722213529219e-10,5613.17456,S2,Day 2
94,94,0.05622156642926806,6.374842428073103e-10,4.0160890375088366e-10,0.016538975589801542,8.549832526245177e-10,5.501572896781567e-10,2491.7468,S2,Day 2
95,95,0.05576836425725691,1.1777274543620392e-09,8.79165926815427e-10,0.01676414439042499,1.175594063448192e-09,1.206621131947954e-09,329.43224,S2,Day 2
96,96,0.05558970683487529,1.1911472240521589e-09,9.120503264328632e-10,0.01674391038676024,1.265384358358278e-09,1.2598261294783713e-09,21.54745333333333,S2,Day 2
97,97,0.055476386718287835,9.514772395689167e-10,7.617265124851604e-10,0.01634083718703449,1.0659568651199806e-09,1.0438326892919411e-09,328.8383733333333,S2,Day 2
98,98,0.0554288760297666,8.563786742316141e-10,7.252609272610019e-10,0.01620036765392957,1.0044240016640826e-09,9.816342523819679e-10,286.82625333333334,S2,Day 2
99,99,0.05484507701116055,1.3857785074546153e-09,9.366751655797423e-10,0.016441707863493922,1.3684676441062066e-09,1.3002925788408846e-09,751.6813466666665,S2,Day 2
100,100,0.054588868700824265,1.0360082731350598e-09,7.999102047560653e-10,0.016158102345833,1.103512073732825e-09,1.0844306060026356e-09,649.83384,S2,Day 2
101,101,0.05406525438656739,1.5435211302250849e-09,1.0047515814886923e-09,0.01651849142810073,1.5626619953887974e-09,1.376034274725635e-09,38.07537333333333,S2,Day 2
102,102,0.053659314996285,1.0538318112819296e-09,8.389800967204342e-10,0.01682898533948489,1.111527904677001e-09,1.1589096477621294e-09,30.52150666666667,S2,Day 2
103,103,0.05401725895109807,8.274715834494088e-10,5.301925436613348e-10,0.01690606383579116,9.769781467649557e-10,7.223107472562045e-10,3923.677533333334,S2,Day 2
104,104,0.05469180472092023,6.220072913084279e-10,3.7120867704988906e-10,0.016854634523651286,8.053033846444827e-10,5.360643923653966e-10,5561.503833333332,S2,Day 2
105,105,0.0368852458838067,1.8318486491591058e-06,2.3711905784384613e-06,0.01672999438783991,2.2621326798422616e-06,5.3941521880371066e-06,10962.960822857143,S2,Day 2
106,106,,,,,,,,S2,Day 2
107,107,,,,,,,,S2,Day 2
108,108,0.047382500135046635,7.525505272905379e-10,3.805650456665975e-10,0.014866184862841931,1.2206724480291467e-09,7.272557789294497e-10,1251.7444866666667,S2,Day 1
109,109,0.04926685925591425,7.389906846862451e-10,4.329480629445592e-10,0.014429724546641962,1.057024019969543e-09,7.366175726607048e-10,2115.8145666666665,S2,Day 1
110,110,0.05047867591736298,1.048433222171105e-08,1.401994835433361e-08,0.014380623623295175,1.2085309463805182e-08,1.6625315531893237e-08,3329.71706,S2,Day 1
111,111,0.0509516183481742,1.0374678309925582e-09,8.686684510466903e-10,0.013936766047690338,1.2362113874956886e-09,1.251097127744332e-09,206.3106,S2,Day 1
112,112,0.051438398305647434,1.986569682017414e-09,1.1154981511282772e-09,0.013855172061855086,2.2383626538628108e-09,1.7189125381574746e-09,1267.36398,S2,Day 1
113,113,0.05101762972361607,2.642160713912118e-09,1.3533577935740748e-09,0.013776337677265028,3.0090612180395207e-09,1.997466498270789e-09,74.86700666666667,S2,Day 1
114,114,0.05250735705023945,1.843021459909936e-09,9.992697468891773e-10,0.013926520251104278,2.0075005033463613e-09,1.4603006582361805e-09,35.32233333333333,S2,Day 1
115,115,0.053471798881425454,2.7434679990382868e-09,1.3189980895375025e-09,0.014295894468819173,2.7641873686474946e-09,1.875962835940956e-09,19.396160000000002,S2,Day 1
116,116,0.0547769147626391,1.451049733911873e-09,8.816056580506504e-10,0.014372447648094618,1.5541753953982961e-09,1.265695214343879e-09,317.0969733333333,S2,Day 1
117,117,0.05479281793840994,2.749118623619191e-09,1.1620428767743706e-09,0.014305998493646502,2.712205693668353e-09,1.5981182083420684e-09,139.80201333333332,S2,Day 1
118,118,0.054229511264203036,1.6729140652816885e-09,9.439848131106288e-10,0.014476940290940009,1.8071696200137534e-09,1.3994746666718411e-09,72.3436,S2,Day 1
119,119,0.05359246936016147,3.013124553001396e-09,1.3431937445858644e-09,0.014595268092884575,2.853603678243333e-09,1.9078775131802072e-09,38.410093333333336,S2,Day 1
120,120,0.05331167298466415,2.288545231496135e-09,1.1251827542355172e-09,0.014621608280248841,2.158690673568106e-09,1.5051360055336826e-09,39.886053333333344,S2,Day 1
121,121,0.05327477281498338,2.412682407183845e-09,1.1745072330638375e-09,0.014916683074087302,2.295484594071748e-09,1.604725699501109e-09,36.0713,S2,Day 1
122,122,0.05318309295282578,6.616622441138422e-10,4.592267662053598e-10,0.014797629894174259,7.865451467513137e-10,6.087461940280642e-10,6209.260086666667,S2,Day 1
123,123,0.05303257704294342,6.763851435441044e-10,4.166992178964957e-10,0.014787443823042612,7.276065824014572e-10,4.772853001088315e-10,7301.7329266666675,S2,Day 1
124,124,0.05240837537071956,3.150331227615411e-09,1.4828595524988025e-09,0.01461304713349548,2.645999406228225e-09,1.795895797268514e-09,580.3776933333334,S2,Day 1
125,125,0.051925409994693694,2.176762802610316e-09,1.1390655572123748e-09,0.014253248060864188,1.906441882137897e-09,1.379339973371336e-09,34.444826666666664,S2,Day 1
126,126,0.051481805135990516,3.633343495858781e-09,1.6800362695275226e-09,0.014233894319003938,3.024134968489038e-09,2.102824704061801e-09,11.1961,S2,Day 1
127,127,0.051826960377323116,1.792281870258074e-09,1.0567139694874407e-09,0.014191142213821374,1.593976933273764e-09,1.3085828336495192e-09,96.62735333333332,S2,Day 1
128,128,0.05200393318847909,2.439234215734775e-09,1.2925790793439926e-09,0.014175164690224729,2.2045890007803554e-09,1.533917884588837e-09,81.74600000000001,S2,Day 1
129,129,0.05263288986798375,2.0079624092509168e-09,1.1966472052430356e-09,0.0140806104693746,1.813781645403088e-09,1.4226426606129516e-09,87.46461333333332,S2,Day 1
130,130,0.05288805906709454,2.6751401274504973e-09,1.3821094877164954e-09,0.014316952636837925,2.434034046096213e-09,1.6540575942166299e-09,220.25280666666663,S2,Day 1
131,131,0.053827407666053886,2.5342655913519628e-09,1.3549795283838863e-09,0.014329428627846762,2.1999031808817347e-09,1.6254207713784087e-09,44.01008666666666,S2,Day 1
132,132,0.05459164652922492,2.5447288173239527e-09,1.3524251108315932e-09,0.014021322869372809,2.205352801994856e-09,1.6063817668379596e-09,28.0164,S2,Day 1
133,133,0.055471437630348334,8.045996485898407e-10,6.832811950149628e-10,0.014061555977388592,8.866799001734615e-10,8.753998533186151e-10,1042.5955,S2,Day 1
134,134,0.05862517190509784,7.817746259677726e-10,4.632153284594512e-10,0.014263806863216802,4.025995010348922e-08,5.624185714847412e-08,6925.40982,S2,Day 1
135,135,0.057417781609214916,3.2666786177707985e-09,1.4574939847498498e-09,0.014129853186418937,2.608481843198845e-09,1.6279032675580272e-09,1229.3402800000001,S2,Day 1
136,136,0.056299592777714326,1.9120917034337176e-09,1.120958925598002e-09,0.013835082558372588,1.7525109682551173e-09,1.4080497871506531e-09,100.62668000000001,S2,Day 1
137,137,0.05575128670192055,2.153196523198544e-09,1.2189654651848874e-09,0.013857089287924543,1.9260052086821565e-09,1.4583898342076585e-09,138.15129333333334,S2,Day 1
138,138,0.053984822202498665,2.5034224194857328e-09,1.3653968584733645e-09,0.013894564901059557,2.2090755949836693e-09,1.6087777206111619e-09,40.68698,S2,Day 1
139,139,0.052812037085500654,1.8809952711112425e-09,1.0553381186315576e-09,0.014207923271211259,1.7092677176163643e-09,1.286096300125161e-09,191.51862666666668,S2,Day 1
140,140,0.05255322518943279,2.823973266804828e-09,1.6020986195434355e-09,0.014332862511293754,2.5639692465621976e-09,1.9072248326228063e-09,32.05421333333334,S2,Day 1
141,141,0.053096241845901455,7.429471728471733e-10,5.980998029022763e-10,0.014461479143777413,8.321926653623188e-10,7.210599917007343e-10,3614.1740600000003,S2,Day 1
142,142,0.053601674281637764,7.681685203517732e-10,3.8099157030842536e-10,0.014628674394642315,1.003929976587261e-09,4.199924464677048e-10,6084.24864,S2,Day 1
143,143,0.052974804006015036,8.210223773972527e-10,4.4096671272227187e-10,0.014632038837260454,1.0377995708395015e-09,5.214618472110234e-10,7197.340613333334,S2,Day 1
144,144,0.0041622257337145035,1.0154133178313066e-09,8.259251334433065e-10,2.9293767457754087e-08,4.488454466256007e-14,6.265499159222346e-14,3151.364566666666,S3,Day 2
145,145,0.0036818435157330454,8.069026219969596e-10,7.529816994908483e-10,2.9346735394805296e-08,4.467601100647313e-14,6.261047986713241e-14,1643.1024,S3,Day 2
146,146,0.002569561002591618,1.0987697770284663e-09,7.324320524803799e-10,2.9391567284985288e-08,4.284533469946722e-14,6.190124228732403e-14,4070.5562200000004,S3,Day 2
147,147,0.0019578407810991656,1.172268582062803e-09,6.648577922373028e-10,2.9517912418236016e-08,4.3182949928206183e-14,6.323745848922098e-14,2537.8710266666667,S3,Day 2
148,148,0.0015438520001738252,1.1443295133973722e-09,7.247189835646335e-10,2.9501901739536853e-08,4.4152251785373716e-14,6.254637113070915e-14,2802.619506666667,S3,Day 2
149,149,0.0011986579425268186,1.0714652950178376e-09,5.896206301723137e-10,2.955408406506297e-08,4.363565064082618e-14,6.259315723304541e-14,2757.88776,S3,Day 2
150,150,0.0009974117970873967,1.272015191992652e-09,9.852031831414156e-10,2.9498726337709045e-08,4.060167559743515e-14,6.191749825357925e-14,92.80503333333333,S3,Day 2
151,151,0.0007982765414079028,1.5354413483027826e-09,9.128548522986864e-10,2.9549264924706722e-08,4.413814391177688e-14,5.927444414251827e-14,335.93453999999997,S3,Day 2
152,152,0.0006520080944573262,2.3445961801070164e-09,1.282630395675946e-09,2.9430992779760295e-08,4.3166215017897715e-14,6.368013674482009e-14,125.45448,S3,Day 2
153,153,0.0004911002282410285,1.2766598604846619e-09,8.08678098554435e-10,2.942275269140833e-08,4.5677195211354846e-14,6.360593355062837e-14,2813.537386666667,S3,Day 2
154,154,0.00038704677960920076,1.0973312666417063e-09,7.191344097761133e-10,2.946520979577168e-08,4.3711225157481783e-14,6.379161590536793e-14,4131.627966666667,S3,Day 2
155,155,0.0003274102234478516,1.1879775229231452e-09,6.979732656339249e-10,2.9526323201687825e-08,4.4941429766880404e-14,6.024037215892803e-14,5713.645446666666,S3,Day 2
156,156,0.0002917818485948069,3.3405843930788067e-09,1.8024931189784848e-09,2.9543874757231496e-08,4.4002383925723617e-14,6.339931282055451e-14,30.34862,S3,Day 2
157,157,0.0002544707788442481,4.3203362631079685e-09,2.0110112056620087e-09,2.961839192527702e-08,4.592632680446708e-14,6.105432328191667e-14,59.59901333333333,S3,Day 2
158,158,0.0002008070269553085,7.127985375044821e-10,8.483732221525689e-10,2.9598599052657706e-08,4.4725591990259525e-14,6.292758651628727e-14,175.71066666666667,S3,Day 2
159,159,0.0001900177828691386,2.9233480242727925e-09,1.627244938947558e-09,2.949144608663459e-08,4.6474866190653914e-14,6.112063949399335e-14,162.33241999999998,S3,Day 2
160,160,0.00018790397277509743,3.980601763055532e-09,1.7020427021668655e-09,2.9473826159633858e-08,4.348100293068689e-14,6.230890413160353e-14,169.09692666666666,S3,Day 2
161,161,0.0001817114523170367,3.4013618764657182e-09,1.6101400435493248e-09,2.949696899707573e-08,4.416804702921157e-14,6.58634232737176e-14,50.99638666666666,S3,Day 2
162,162,0.00015769140038058923,2.8959979545880703e-09,1.6806488769250966e-09,2.9463160428685587e-08,4.3128621883868943e-14,6.163278163455571e-14,54.19003333333333,S3,Day 2
163,163,0.00014033901751280822,7.101524432911527e-10,7.066742264811307e-10,2.9474575100322782e-08,4.367606057453665e-14,6.163602433039485e-14,1455.559326666667,S3,Day 2
164,164,0.0001356610632034237,8.53604064518239e-10,7.649182279260798e-10,2.9480258279774446e-08,4.559884505157963e-14,6.158491374768846e-14,3028.5535600000003,S3,Day 2
165,165,0.0002503635730841211,1.4929626383646974e-09,9.68325029635502e-10,2.957599836077572e-08,4.393942456214617e-14,6.04557605595553e-14,185.19136,S3,Day 2
166,166,0.00023115785819081847,4.081126778150097e-09,1.896314825349285e-09,2.9617308619691844e-08,4.4341560875005684e-14,5.930589294899688e-14,54.56921333333333,S3,Day 2
167,167,0.0001780195825538869,2.947899961844805e-09,1.5283210971394894e-09,2.9547423710445558e-08,4.412282022891831e-14,6.536634376533065e-14,419.17843333333326,S3,Day 2
168,168,0.00015544370072575334,2.1678311392757327e-09,1.4112078026584465e-09,2.954813973251312e-08,4.301576073853592e-14,6.245958989575841e-14,188.3007333333333,S3,Day 2
169,169,0.00014014748547681028,1.865714525553203e-09,1.2043343993470409e-09,2.9545579952151893e-08,4.4214888791342193e-14,6.179821391550157e-14,559.5993933333333,S3,Day 2
170,170,0.00013077786780728678,3.055163187960182e-09,1.625546605062341e-09,2.955807783114713e-08,4.453444325060281e-14,6.07331004848605e-14,268.75032000000004,S3,Day 2
171,171,0.00012972352343102402,2.1908385020503547e-09,1.2943684281404421e-09,2.955320772923869e-08,4.491216643967565e-14,6.020133214851327e-14,120.03872,S3,Day 2
172,172,0.0001033997274262486,3.294663412501115e-09,1.804016497587811e-09,2.9568153573102386e-08,4.495932072829617e-14,6.240268419675177e-14,294.94244,S3,Day 2
173,173,9.95921939923316e-05,1.3916314229536392e-09,1.0801139329272913e-09,2.9529389002466918e-08,4.356387933543431e-14,6.099428841850064e-14,202.79985333333332,S3,Day 2
174,174,0.00010421509250201536,1.5527697103458142e-09,1.0771740411700043e-09,2.9582340924406312e-08,4.5026206958654613e-14,6.394435105315474e-14,1422.1096,S3,Day 2
175,175,0.00011351822772708662,8.077760822759689e-10,6.451967105837082e-10,2.9486714146464996e-08,4.47333105929137e-14,6.062483544824803e-14,4121.129586666667,S3,Day 2
176,176,0.00011442472569033213,9.341777929105943e-10,6.38069080505975e-10,2.213371426263371e-07,1.697477496193815e-08,2.4015581095604652e-08,2298.736373333333,S3,Day 2
177,177,0.00012019013696381477,2.28373827285382e-09,1.3995186978563713e-09,2.9477300716895185e-08,4.4081446701139344e-14,6.091426252950307e-14,225.14253333333332,S3,Day 2
178,178,0.0001315909166854376,3.5993904281001253e-09,1.6983880644746213e-09,2.9494608840300707e-08,4.425649238371887e-14,6.167799885671258e-14,51.74645333333334,S3,Day 2
179,179,0.00013485735331780953,2.473602971140972e-09,1.3659899851081133e-09,2.9495542472122663e-08,4.292506407346528e-14,6.298428239513619e-14,216.0914133333333,S3,Day 2
180,180,1.1163025809226438e-05,8.59739981512416e-10,8.646220862705549e-10,2.9628543778861863e-08,4.509085408342718e-14,5.913741182306505e-14,9068.729833333333,S3,Day 1
181,181,3.0073953572895032e-05,9.272665881421957e-10,7.967642796714308e-10,2.9553368356227327e-08,4.456159198585882e-14,6.279439139249642e-14,7068.571733333332,S3,Day 1
182,182,8.452901675690373e-05,7.910364471700982e-10,7.633830496693209e-10,2.957478598803817e-08,4.315586237460412e-14,6.412646269867509e-14,10996.56018,S3,Day 1
183,183,0.00011191034088187614,1.1537660801653056e-09,8.108552272727067e-10,2.9485597183385903e-08,4.4461070892799833e-14,6.253718638438032e-14,3946.8526466666663,S3,Day 1
184,184,0.00013976703242436108,2.7187918566950444e-09,1.350823877705496e-09,2.9433438080539797e-08,4.390464482942967e-14,6.266597520535262e-14,681.5555733333333,S3,Day 1
185,185,0.00013632317800069154,3.1914159377472996e-09,1.7230070836458358e-09,2.941348700710328e-08,4.5957202271842427e-14,6.106067871975885e-14,9.073333333333334,S3,Day 1
186,186,0.00013248930523855618,3.2228186758283542e-09,1.6548927320206073e-09,2.9477931330842078e-08,4.607732086898194e-14,6.308610542004561e-14,218.19137999999998,S3,Day 1
187,187,0.00012426931202314247,3.066009962422115e-09,1.538173228760995e-09,2.9505980277458923e-08,4.4670247350294133e-14,6.303437194629082e-14,30.84431333333333,S3,Day 1
188,188,0.00012585376939869012,4.338976836433737e-09,1.5035312581728806e-09,2.9515203625498718e-08,4.425510627391303e-14,6.338474465033807e-14,14.441033333333333,S3,Day 1
189,189,0.00012331840141813677,3.591907141715113e-09,1.4395068345162594e-09,2.9474864684231852e-08,4.4823210800450516e-14,6.415814453759557e-14,68.67894,S3,Day 1
190,190,0.00013614663204822668,2.9678130336331943e-09,1.3140701014685306e-09,2.9467242913087898e-08,4.4552610609628717e-14,6.090962568859121e-14,85.65082,S3,Day 1
191,191,0.00017215658306425695,3.563783338411349e-09,1.397413895614209e-09,2.9474000839410038e-08,4.573823592856952e-14,6.252023267689252e-14,21.160813333333333,S3,Day 1
192,192,0.000197552630714316,2.2826186869314646e-09,1.1880156807080778e-09,2.9456387119166154e-08,4.3580591381590034e-14,6.261123062810731e-14,216.76484,S3,Day 1
193,193,0.00022476062420437881,2.6045297722668813e-09,1.1966603153573145e-09,2.9456070966363043e-08,4.335643991137962e-14,6.551987097548928e-14,137.20888666666667,S3,Day 1
194,194,0.00026574883089846543,2.0733575529001354e-09,1.1133754811479909e-09,2.9509877813157934e-08,4.421318387103051e-14,6.286330312579716e-14,43.94469333333333,S3,Day 1
195,195,0.0002783290019755807,3.413062905783211e-09,1.526916713685998e-09,2.9502426853891067e-08,4.353281263041107e-14,6.287637765517783e-14,41.99536,S3,Day 1
196,196,0.0002903247913908837,4.1147799910799425e-09,1.6341630918802301e-09,2.9393150645426948e-08,4.365264140769488e-14,6.216749737184947e-14,29.07159333333333,S3,Day 1
197,197,0.0003042236488422312,3.4099905827709155e-09,1.5038517157080331e-09,2.940716330057717e-08,4.227411566712837e-14,6.2773104005759e-14,25.12241333333333,S3,Day 1
198,198,0.0003023772674730296,2.550397872494953e-09,1.3089563076609933e-09,2.9445731958368097e-08,4.588534601530296e-14,5.982701679817436e-14,137.61291333333332,S3,Day 1
199,199,0.00030729320756042174,2.265662538390273e-09,1.23148417570467e-09,2.954264585533341e-08,4.400046921070795e-14,6.158503980357284e-14,196.30483333333333,S3,Day 1
200,200,0.00030303337839414867,2.429995112086961e-09,1.2402055777127176e-09,2.944717278494709e-08,4.411583225322514e-14,6.061384082563746e-14,106.71393333333332,S3,Day 1
201,201,0.00016829255963297343,5.783002908364655e-09,2.003489614256968e-09,2.943755800739261e-08,4.315555842688037e-14,6.15878286649177e-14,16.200853333333335,S3,Day 1
202,202,0.0002411951146148646,5.053499028193309e-09,1.8405841965000824e-09,2.9403555268023433e-08,4.390598170436607e-14,6.293058107487083e-14,10.4722,S3,Day 1
203,203,0.00029579017085170256,5.151074643729584e-09,1.8551735007081822e-09,2.9388102453135734e-08,4.4184630935261076e-14,6.326955874959677e-14,10.328506666666666,S3,Day 1
204,204,0.0003113158424296929,3.808602496277658e-09,1.5919524913981211e-09,2.9385553901035565e-08,4.5970342021745014e-14,6.125031701034915e-14,12.707373333333333,S3,Day 1
205,205,0.0003533490362045072,4.482861160536552e-09,1.7443467760287981e-09,2.9392889275140863e-08,4.47834791426019e-14,6.165284973117794e-14,9.04738,S3,Day 1
206,206,0.0003706110506030853,3.951898944036152e-09,1.6323184871250328e-09,2.9391276263712293e-08,4.3152243592165334e-14,6.12858417741246e-14,9.525433333333334,S3,Day 1
207,207,0.0003536382448057545,3.4288827005797633e-09,1.6815041857725616e-09,2.938346565086205e-08,4.343200538335402e-14,5.992188154576581e-14,11.004146666666667,S3,Day 1
208,208,0.00032585088395616904,3.307016247942057e-09,1.5171797861415153e-09,2.9378918798e-08,4.4348829115451117e-14,6.343423171081448e-14,10.921606666666667,S3,Day 1
209,209,0.00032616288563008203,2.756402879713066e-09,1.3969409455202585e-09,2.938726291583941e-08,4.525816619994049e-14,6.294225710642069e-14,11.594946666666667,S3,Day 1
210,210,0.0002953600646444313,7.128734898358984e-10,7.309780515349658e-10,2.945208657426294e-08,4.4699701853413284e-14,6.01890604141865e-14,1756.9262866666666,S3,Day 1
211,211,0.0002232313454575819,1.8070476185601048e-09,1.0989987204709395e-09,2.9480129974415666e-08,4.460535967429917e-14,6.158788355722017e-14,551.14698,S3,Day 1
212,212,0.00015064075971335964,2.5829680776477282e-09,1.440596551260944e-09,2.9491337711221217e-08,4.321613772314576e-14,6.204688566396675e-14,161.43036,S3,Day 1
213,213,0.00011158795114714793,2.868478512269113e-09,1.4431313677114076e-09,2.956682140679644e-08,4.670280875085439e-14,6.555156611517017e-14,186.19444666666664,S3,Day 1
214,214,0.0001085924523091431,5.830623115469662e-10,6.558435341254719e-10,2.9530233813377547e-08,4.553281048810015e-14,6.055374358275184e-14,1651.761093333333,S3,Day 1
215,215,8.497672216120518e-05,2.6377691851101065e-09,1.324749332355012e-09,2.9417046382042885e-08,4.4124846409409694e-14,6.050524943392935e-14,601.17578,S3,Day 1
216,216,0.07239495132836331,1.4851406489584575e-09,7.342993485571837e-10,0.5699186987740086,3.807893915698845e-09,3.8280696870450725e-10,1885.4031333333328,S4,Day 2
217,217,0.06365204925699125,2.0890096362855385e-09,7.190673477821237e-10,0.4951041905638438,1.1685216326823539e-07,4.9221329546612883e-08,3225.739566666666,S4,Day 2
218,218,0.0604883337302282,1.7697336434609294e-09,8.409196619009375e-10,0.4467901152595531,2.7107014350543058e-06,5.784884274398342e-07,2241.24354,S4,Day 2
219,219,0.05891849942889475,2.5917027865344688e-09,1.3017971959143985e-09,0.4114254213514252,1.17176245046767e-06,3.5711051089788817e-07,291.59278,S4,Day 2
220,220,0.057762100212998324,3.727156754194955e-09,1.807880023585619e-09,0.3673504378672988,3.642421874652487e-08,9.877180799972125e-09,12.033913333333333,S4,Day 2
221,221,0.0563419199652549,4.578471634472939e-09,1.958957879007497e-09,0.3109382337101317,1.5739994361667543e-08,6.2921352742986616e-09,7.380013333333332,S4,Day 2
222,222,0.05414658076839693,2.915274718599451e-09,1.4788823952899398e-09,0.2586652131198293,4.152159617150753e-07,2.1265596084584637e-07,734.5118333333335,S4,Day 2
223,223,0.05231599120799725,1.2025540542514087e-09,6.680807685567317e-10,0.21506719875507746,4.274124132019986e-06,2.5833700875109126e-06,2779.114613333333,S4,Day 2
224,224,0.05064791362106035,1.680829852714849e-09,9.78267415706625e-10,0.18315873862404272,8.600480978738352e-07,1.9904172860803192e-07,1445.8205933333334,S4,Day 2
225,225,0.04910940820780834,3.4428663483087823e-09,1.7662965744214353e-09,0.1596557723289968,8.088465567489886e-08,3.0817257379554607e-08,25.15632,S4,Day 2
226,226,0.04771634650037014,4.229092147350879e-09,2.0008721200142017e-09,0.1417572692242873,4.647052040990124e-09,1.4382413664961435e-09,5.85584,S4,Day 2
227,227,0.046830773706722034,2.9864479167896347e-09,1.6318591222200446e-09,0.12312528099313948,3.815580895506008e-07,1.7690223902155548e-07,206.76668666666663,S4,Day 2
228,228,0.04645668383634,2.7181342861793788e-09,1.317299142689235e-09,0.11148023628392026,5.299702360845013e-07,9.286081333284182e-08,516.7694866666667,S4,Day 2
229,229,0.04544353204942262,2.592526349666961e-09,1.5326961417544415e-09,0.10692055184710997,3.645135288362206e-09,2.411834750379318e-09,111.90616000000001,S4,Day 2
230,230,0.04500798225314008,3.098532005789617e-09,1.6895025023223445e-09,0.0989122861819414,4.226669613406701e-08,1.338819761310554e-08,20.69462,S4,Day 2
231,231,0.04453179553235025,2.683538067580418e-09,1.5576834638947032e-09,0.09035044366051148,8.696329956151174e-08,4.9835241200833216e-08,228.25744,S4,Day 2
232,232,0.043544585698509455,4.3417726378808615e-09,1.9019750195121047e-09,0.08328760524598712,1.0333486594125028e-08,2.434775060614505e-09,3.7170466666666666,S4,Day 2
233,233,0.04224854419816743,2.3928330640873586e-09,1.2615163283711875e-09,0.07761638685485463,3.5412940253142025e-08,2.4840786270734923e-08,384.28087999999997,S4,Day 2
234,234,0.041018317890993125,1.3178175189528613e-09,7.195016062579059e-10,0.071340329402426,3.89044896100286e-08,2.5788154601813652e-08,1018.0502266666666,S4,Day 2
235,235,0.03972601845259331,1.2890763135484315e-09,7.45273545930135e-10,0.06519531524739698,1.883223254159698e-06,5.22607932953182e-07,2004.1105,S4,Day 2
236,236,0.039061400203808216,2.5251203156032507e-09,1.5827329464675584e-09,0.06083891264446033,1.9585397055978514e-09,8.829611691752536e-10,8.50988,S4,Day 2
237,237,0.03777500652617883,3.4914062659295283e-09,1.7833716715839665e-09,0.058242707301441,2.953101578922786e-09,9.943270249885364e-10,10.84308,S4,Day 2
238,238,0.034238443545370444,1.978731081068917e-09,1.2307486614415166e-09,0.054842148571621334,2.0596310511485157e-08,6.8724854787091225e-09,95.77906,S4,Day 2
239,239,0.035265527789374834,2.3707722766578114e-09,1.5139070890622806e-09,0.0513008594358403,9.771274518293296e-09,4.251460226478596e-09,86.4705,S4,Day 2
240,240,0.035189392733417486,1.7315051905150558e-09,1.2365425349415417e-09,0.04941341262435664,2.9925661791591505e-07,9.71268605032489e-08,238.47007333333332,S4,Day 2
241,241,0.03577190812921021,1.6199289627083284e-09,1.1667531689746474e-09,0.046053982470694727,9.002670727426937e-08,1.7918185457062375e-08,127.20876000000001,S4,Day 2
242,242,0.034757403298760925,1.5307510450266467e-09,1.1261887994699992e-09,0.04588448868819942,4.555548592289257e-07,1.5788785233611036e-07,543.2651400000001,S4,Day 2
243,243,0.03487657059870436,1.8931493148954603e-09,1.6141866298503009e-09,0.04160599544565188,1.2661559197317827e-09,7.420228157294361e-10,7.889253333333333,S4,Day 2
244,244,0.034929375069124614,1.3804858813964268e-09,1.1752207682241273e-09,0.0413067941385978,2.820202406604569e-08,2.6140333287095294e-08,369.7694733333333,S4,Day 2
245,245,0.03434644387986215,3.515421143883085e-09,1.8184212654973115e-09,0.037029360708650455,7.550741779460496e-09,3.6573879641703456e-09,91.98352,S4,Day 2
246,246,0.0332951086474295,2.1326448323223604e-09,1.0471540387455929e-09,0.03486010909740482,1.0571452433121214e-09,4.901258790555548e-10,561.1646466666666,S4,Day 2
247,247,0.03157799892449106,1.371182503184452e-09,6.567854014630527e-10,0.03330643694871343,5.463313717258187e-10,2.9077867947532675e-10,1957.3860533333332,S4,Day 2
248,248,0.030830094256114406,2.3301762779735203e-09,1.5583319279740815e-09,0.032029208187194236,1.1832275206432359e-09,6.718538379937703e-10,41.45431333333333,S4,Day 2
249,249,0.027975969034507955,3.1239849968208675e-09,1.6915273083435827e-09,0.029481841971580436,1.9858361224778223e-09,8.096222006525722e-10,54.84064,S4,Day 2
250,250,0.027021732173042032,3.4928110825121433e-09,1.9202631181400178e-09,0.028289434484094607,2.306857600069296e-09,9.019136461209323e-10,172.53203333333335,S4,Day 2
251,251,0.02712479046258653,1.9371279256634167e-09,1.3255809395200435e-09,0.026105513976514973,1.5247673214957906e-07,4.2890877149527647e-08,368.9387133333333,S4,Day 2
252,252,0.07063245274703271,0.0005088467280805835,6.27751101685679e-10,0.04877281487817881,0.00035182839678731497,1.505055383534034e-07,1728.86751,S4,Day 1
253,253,0.06521642532416555,0.0004698279344380382,4.272757680244557e-10,0.034487212326317566,0.0002552684821516728,1.2882207033224807e-06,2256.81608,S4,Day 1
254,254,0.05903046582242324,0.00042526342745034953,5.40179613512725e-10,0.028673046482102837,0.00020753742347326057,4.590948019948189e-07,2071.6020066666665,S4,Day 1
255,255,0.050921067774714016,0.0003668423040529525,5.532920691791814e-10,0.021803212493855504,0.00015811329162826742,3.8904603238527644e-07,941.7425199999999,S4,Day 1
256,256,0.04172131487842105,0.0003005672958924701,9.372493693180245e-10,0.01737625537959133,0.0001254461138076717,1.5059597717331017e-07,1886.3637766666666,S4,Day 1
257,257,0.03119050104736953,0.00022470453878664027,2.23450640353301e-09,0.015000458395921713,0.00010806943726853781,1.1379216488165885e-09,4.81504,S4,Day 1
258,258,0.021997590837947605,0.0001584783823518712,2.185746497527115e-09,0.012345971202343169,8.894748217981226e-05,1.121618029847294e-09,5.735243333333332,S4,Day 1
259,259,0.013300183013348468,9.582151490545228e-05,2.245325502380866e-09,0.01073242461536135,7.732258245971588e-05,1.0702431065885579e-09,3.104883333333333,S4,Day 1
260,260,0.006690691977089238,4.820357169670551e-05,1.5017857777829075e-09,0.008470533565995855,6.112764285309586e-05,1.660364051831397e-08,93.19466666666666,S4,Day 1
261,261,0.0035723084681496455,2.573952460701689e-05,1.92388184425752e-09,0.007504777263563246,5.407373626762981e-05,3.797438754433329e-09,5.152803333333333,S4,Day 1
262,262,0.0011768081563584168,8.481068866079191e-06,1.6168230475089472e-09,0.006457172141325939,4.653288502499341e-05,1.584090662654434e-08,11.15985,S4,Day 1
263,263,5.8813246871676524e-05,4.265328043104722e-07,1.4644730843096047e-09,0.0064647795587703715,4.680582590674117e-05,2.9175123387644947e-08,11.442053333333336,S4,Day 1
264,264,4.730788673462467e-05,3.4312121204208993e-07,1.347742883104996e-09,0.005778315458977855,4.163373643492295e-05,2.498586953646746e-09,8.520956666666667,S4,Day 1
265,265,0.00014952701357741376,1.0799344608150611e-06,1.6021112102002734e-09,0.005387184683699671,3.881222712017219e-05,8.434719934153225e-10,2.6157666666666666,S4,Day 1
266,266,0.0003681734661978368,2.654033796531072e-06,1.2268530240100616e-09,0.005215480406889838,3.759909800996872e-05,2.694834463900293e-09,11.767613333333333,S4,Day 1
267,267,0.0005022750302824484,3.622279445404354e-06,1.781280214609887e-09,0.004820536581209287,3.473127680149977e-05,1.1151544176419282e-09,4.142273333333334,S4,Day 1
268,268,0.0007630177916906388,5.4993592881699435e-06,1.5317687807198346e-09,0.004675237796417918,3.3683064026515354e-05,8.073039143351489e-10,4.973183333333333,S4,Day 1
269,269,0.0010361984558403645,7.467101638545796e-06,1.487841388957586e-09,0.004410874315818429,3.178258112182418e-05,1.450691051138102e-09,9.277693333333334,S4,Day 1
270,270,0.0014766582432389006,1.064216784710137e-05,1.9163540026306936e-09,0.0035696225289537577,2.5721183902250118e-05,1.1653552016145895e-09,5.97003,S4,Day 1
271,271,0.00205208310538097,1.4785744903031275e-05,1.4100388371911472e-09,0.004340033093666954,3.127203005715368e-05,1.7249960173997286e-09,14.63025,S4,Day 1
272,272,0.0025885191176173486,1.8652520835483676e-05,1.9334049906125223e-09,0.004318828644160303,3.1117732391815625e-05,1.1470555654357068e-09,1.4759966666666666,S4,Day 1
273,273,0.0033107174683708004,2.3855231218044847e-05,2.013642315741783e-09,0.0046524333757990725,3.352073805646498e-05,1.100112170347689e-09,1.2254666666666667,S4,Day 1
274,274,0.003617032172878425,2.606157390797941e-05,1.9607537942748864e-09,0.0049351530253461005,3.5556875027631655e-05,1.1117442277332579e-09,2.22538,S4,Day 1
275,275,0.0038723666139679133,2.7900163432571547e-05,1.7458446280518927e-09,0.005515395086398181,3.973670911824666e-05,1.0435568644797438e-09,2.51251,S4,Day 1
276,276,0.003693304319126478,2.6610333161647285e-05,1.818188441723856e-09,0.005557118112329775,4.0037130611305066e-05,9.315436048274097e-10,3.6678166666666665,S4,Day 1
277,277,0.003384104199297585,2.438082122610661e-05,8.48424970347558e-10,0.005879138927692621,4.6020207404426834e-05,6.1736398497891e-07,218.7223733333333,S4,Day 1
278,278,0.0030110583616445945,2.1694753492367227e-05,1.3302029011424836e-09,0.0049141079925276564,4.528522077995e-05,2.405043912501452e-06,226.6597333333333,S4,Day 1
279,279,0.0035859097246624533,2.5837385841247624e-05,1.8637733691816524e-09,0.005724425019292332,4.268069693005626e-05,2.386399159017116e-07,4.668643333333334,S4,Day 1
280,280,0.004105402486190239,2.957822015045984e-05,1.4615110842167648e-09,0.006671780296295086,4.80657939837657e-05,7.261976104421063e-10,30.84421333333333,S4,Day 1
281,281,0.00475908957811893,3.428894058773787e-05,1.938469767940669e-09,0.00671939970512146,4.841088947321253e-05,1.0364879547080399e-09,6.365153333333334,S4,Day 1
282,282,0.004433107152899639,3.1940656348100425e-05,1.8544412015176155e-09,0.0073239573240720625,5.276622047508486e-05,9.921124634043555e-10,12.120593333333336,S4,Day 1
283,283,0.004432695945277379,3.1937808169005976e-05,1.750138503093852e-09,0.007560883136788234,5.447244328773553e-05,9.337877730646557e-10,11.736483333333334,S4,Day 1
284,284,0.0038519316832898117,2.7752194187952625e-05,1.4241273695794893e-09,0.007412680700961684,5.340524163462183e-05,1.0095811529854004e-09,27.44770333333333,S4,Day 1
285,285,0.00454899970667466,3.277231984441684e-05,5.865233199339067e-10,0.007681528080010373,5.6210045002504895e-05,1.615134707296488e-07,627.3449966666667,S4,Day 1
286,286,0.004270555408642573,3.076622936359582e-05,5.007786829535015e-10,0.008246607162080841,6.1018399771263196e-05,3.665174990073194e-07,987.5634133333333,S4,Day 1
287,287,0.004453085559500717,3.208436750307752e-05,1.7467639801531875e-09,0.008223986828355836,5.9298924673073754e-05,4.835354980122256e-08,92.66956333333331,S4,Day 1
